{
  "497f9091-fb84-47e5-aab4-4a11e9c3451d": {
    "type": "chunkText",
    "page": 0,
    "box": {
      "left": 0.07417436689138412,
      "top": 0.03329412639141083,
      "right": 0.23135420680046082,
      "bottom": 0.06273447722196579
    }
  },
  "bdd97398-620f-4176-8f37-72152747bcbe": {
    "type": "chunkMarginalia",
    "page": 0,
    "box": {
      "left": 0.23927463591098785,
      "top": 0.04001043736934662,
      "right": 0.4848979711532593,
      "bottom": 0.05854533612728119
    }
  },
  "9d595fbe-8f52-467f-a68c-3650b1df3220": {
    "type": "chunkText",
    "page": 0,
    "box": {
      "left": 0.07033280283212662,
      "top": 0.0802098736166954,
      "right": 0.2971862852573395,
      "bottom": 0.11460023373365402
    }
  },
  "231d8e10-71de-41b8-bd31-4c766bd32286": {
    "type": "chunkText",
    "page": 0,
    "box": {
      "left": 0.06983860582113266,
      "top": 0.1192229762673378,
      "right": 0.21800512075424194,
      "bottom": 0.13723397254943848
    }
  },
  "5bb5eefc-3ac7-40f9-ab71-4a0329a011e2": {
    "type": "chunkText",
    "page": 0,
    "box": {
      "left": 0.07031671702861786,
      "top": 0.13947102427482605,
      "right": 0.5371754765510559,
      "bottom": 0.16479811072349548
    }
  },
  "97ab9ee1-9530-40f6-a43e-e379e4863581": {
    "type": "chunkText",
    "page": 0,
    "box": {
      "left": 0.06816720962524414,
      "top": 0.1715347021818161,
      "right": 0.6359177827835083,
      "bottom": 0.4420890808105469
    }
  },
  "a2781bba-4eb0-452b-9eba-9b1ef4b6d35b": {
    "type": "chunkText",
    "page": 0,
    "box": {
      "left": 0.06864959001541138,
      "top": 0.45013007521629333,
      "right": 0.6373013257980347,
      "bottom": 0.562200665473938
    }
  },
  "06bd25a9-9a8b-4704-86e5-834a7ecc9313": {
    "type": "chunkText",
    "page": 0,
    "box": {
      "left": 0.07040858268737793,
      "top": 0.5813685655593872,
      "right": 0.34819403290748596,
      "bottom": 0.6532750129699707
    }
  },
  "1bae5727-03bc-4e4c-a311-9d9e40a7c664": {
    "type": "chunkText",
    "page": 0,
    "box": {
      "left": 0.36144202947616577,
      "top": 0.5835376977920532,
      "right": 0.6405492424964905,
      "bottom": 0.6519651412963867
    }
  },
  "c95f179c-bbcb-4d37-ad57-26d8f81e1b63": {
    "type": "chunkText",
    "page": 0,
    "box": {
      "left": 0.651449978351593,
      "top": 0.07975040376186371,
      "right": 0.932651937007904,
      "bottom": 0.28145116567611694
    }
  },
  "6dd62463-7698-4a8c-a467-4e7db94ceb1a": {
    "type": "chunkText",
    "page": 0,
    "box": {
      "left": 0.6510066986083984,
      "top": 0.280079185962677,
      "right": 0.9328292608261108,
      "bottom": 0.6525496244430542
    }
  },
  "45cd81db-3687-4e9e-8b49-42edf47a189b": {
    "type": "chunkText",
    "page": 0,
    "box": {
      "left": 0.06830623745918274,
      "top": 0.6603004336357117,
      "right": 0.9295921325683594,
      "bottom": 0.9309434294700623
    }
  },
  "e5c26ae6-222e-4961-a4b4-8ba3c8da5d63": {
    "type": "chunkMarginalia",
    "page": 0,
    "box": {
      "left": 0.06937205791473389,
      "top": 0.946793794631958,
      "right": 0.2655215561389923,
      "bottom": 0.9628525972366333
    }
  },
  "f239db10-1026-463c-981e-8dcd4991e8fd": {
    "type": "chunkMarginalia",
    "page": 0,
    "box": {
      "left": 0.2781023681163788,
      "top": 0.9475184679031372,
      "right": 0.34711405634880066,
      "bottom": 0.9625042676925659
    }
  },
  "ba54c365-2b30-4ff5-90e2-796442cc8f6c": {
    "type": "chunkMarginalia",
    "page": 0,
    "box": {
      "left": 0.878162145614624,
      "top": 0.9455858469009399,
      "right": 0.9330819845199585,
      "bottom": 0.9627981185913086
    }
  },
  "eeb3153d-3b74-4edd-b0f3-cc1e8b07378a": {
    "type": "chunkMarginalia",
    "page": 0,
    "box": {
      "left": 0.9345961809158325,
      "top": 0.369947612285614,
      "right": 0.9559364318847656,
      "bottom": 0.6300533413887024
    }
  }
}